<?xml version="1.0" encoding="UTF-8"?>
<project-private xmlns="http://www.netbeans.org/ns/project-private/1">
    <editor-bookmarks xmlns="http://www.netbeans.org/ns/editor-bookmarks/2" lastBookmarkId="1">
        <file>
            <url>src/TabelaDados.java</url>
            <bookmark id="1">
                <name/>
                <line>142</line>
                <key/>
            </bookmark>
        </file>
    </editor-bookmarks>
    <open-files xmlns="http://www.netbeans.org/ns/projectui-open-files/2">
        <group>
            <file>file:/C:/Users/roger/OneDrive/Área%20de%20Trabalho/SENAC%20Classes/UC8%20-%20Java%20with%20Mr.%20Celso/NetBeansProjects/PetShop/src/CadastroDados.java</file>
            <file>file:/C:/Users/roger/OneDrive/Área%20de%20Trabalho/SENAC%20Classes/UC8%20-%20Java%20with%20Mr.%20Celso/NetBeansProjects/PetShop/src/TelaPetShop.java</file>
            <file>file:/C:/Users/roger/OneDrive/Área%20de%20Trabalho/SENAC%20Classes/UC8%20-%20Java%20with%20Mr.%20Celso/NetBeansProjects/PetShop/src/ModeloPetShop.java</file>
            <file>file:/C:/Users/roger/OneDrive/Área%20de%20Trabalho/SENAC%20Classes/UC8%20-%20Java%20with%20Mr.%20Celso/NetBeansProjects/PetShop/src/TabelaDados.java</file>
        </group>
    </open-files>
</project-private>
